Primeiro_nome,Sobrenome,Email,Idade,Genero,Username,Password
Gül,Gürmen,gul.gurmen@example.com,25,female,beautifulfrog263,redd
Gabrielle,Ambrose,gabrielle.ambrose@example.com,50,female,brownpanda328,surfer
Erik,Meyer,erik.meyer@example.com,24,male,goldenkoala547,valdez
Margaritha,Staps,margaritha.staps@example.com,45,female,yellowtiger702,higgins
Sherry,Rose,sherry.rose@example.com,75,female,blackgoose811,harpoon
آدرینا,گلشن,adryn.glshn@example.com,43,female,browndog425,angel1
Martine,Giraud,martine.giraud@example.com,48,female,bigbutterfly305,robotics
Ramon,Soler,ramon.soler@example.com,66,male,crazykoala980,indy
Cristian,Herrero,cristian.herrero@example.com,54,male,beautifulduck765,confused
Nolan,Henderson,nolan.henderson@example.com,28,male,crazyelephant695,blood
Clara,Tremblay,clara.tremblay@example.com,29,female,smallpeacock154,iomega
Nicklas,Larsen,nicklas.larsen@example.com,58,male,orangegorilla121,connect
Marin,Blanchard,marin.blanchard@example.com,64,male,brownfrog505,moonligh
Joseph,Zhang,joseph.zhang@example.com,75,male,purplepeacock734,research
Carlos,Gil,carlos.gil@example.com,49,male,goldenpeacock127,doors
Katrin,Lambert,katrin.lambert@example.com,52,female,smallzebra610,nipples
Ben,Harrison,ben.harrison@example.com,29,male,orangepanda111,memory
Caroline,Madsen,caroline.madsen@example.com,33,female,bigbutterfly710,rufus
Leo,Carroll,leo.carroll@example.com,70,male,orangemeercat905,lobster
Marilyn,Jenkins,marilyn.jenkins@example.com,34,female,crazybutterfly613,fountain
باران,قاسمی,brn.qsmy@example.com,28,female,organicpeacock685,birdman
Lærke,Møller,laerke.moller@example.com,27,female,bigpeacock939,lebowski
Gabriel,Vega,gabriel.vega@example.com,25,male,bluelion313,caster
Randy,Simmmons,randy.simmmons@example.com,62,male,bigzebra906,eggplant
Kasimir,Bolte,kasimir.bolte@example.com,60,male,beautifulgorilla418,wifey
Brielle,Lavigne,brielle.lavigne@example.com,62,female,heavytiger496,avalanch
Quísnia,das Neves,quisnia.dasneves@example.com,39,female,ticklishpeacock594,silent
Claudia,Rojas,claudia.rojas@example.com,58,female,redduck131,starstar
Charlotte,Lo,charlotte.lo@example.com,67,female,brownduck948,hitler
Esperanza,Castillo,esperanza.castillo@example.com,69,female,bigdog948,gogogo
Nina,Johnson,nina.johnson@example.com,71,female,purplegoose620,patty
Barış,Eronat,baris.eronat@example.com,69,male,bluefrog667,scandinavian
Catherine,Mendoza,catherine.mendoza@example.com,34,female,yellowpanda749,rich
Jason,Holt,jason.holt@example.com,68,male,ticklishduck881,stone55
Özsu,Kumcuoğlu,ozsu.kumcuoglu@example.com,31,female,sadpanda986,yyyy
Marie,Christiansen,marie.christiansen@example.com,58,female,angrygorilla390,lexus
Eugene,Collins,eugene.collins@example.com,50,male,heavygorilla745,eastwood
Claude,Simmons,claude.simmons@example.com,28,male,tinylion155,wildwood
Afşar,Hamzaoğlu,afsar.hamzaoglu@example.com,27,female,beautifulrabbit960,paramedi
Margot,Rodriguez,margot.rodriguez@example.com,64,female,smalltiger559,browns
Hieke,Van Sloten,hieke.vansloten@example.com,75,female,silverbutterfly729,shuan
Nathan,Moore,nathan.moore@example.com,29,male,greenmouse151,loose
Axelle,Fleury,axelle.fleury@example.com,37,female,sadduck936,control
رادین,مرادی,rdyn.mrdy@example.com,42,male,angryladybug106,whisper
Suzy,Caldwell,suzy.caldwell@example.com,43,female,browngorilla841,marley
Anielo,Teixeira,anielo.teixeira@example.com,58,male,sadsnake214,rubber
Jordan,Fernandez,jordan.fernandez@example.com,34,male,lazyladybug461,south
Fatma,Tüzün,fatma.tuzun@example.com,63,female,whitebird399,maxx
Silke,Thomsen,silke.thomsen@example.com,67,female,greenfrog751,center
Deniz,Aykaç,deniz.aykac@example.com,42,female,tinyswan137,comment
Violet,Thompson,violet.thompson@example.com,71,female,organiczebra868,betsy
Julian,Ferguson,julian.ferguson@example.com,58,male,orangesnake361,shodan
Phoebe,Williams,phoebe.williams@example.com,74,female,silvercat367,never
Izzie,Silva,izzie.silva@example.com,58,female,organicgoose220,qawsed
Charles,Robinson,charles.robinson@example.com,64,male,smallkoala540,heinrich
Boet,Bremmer,boet.bremmer@example.com,43,male,angrywolf705,grace
Philip,Kristensen,philip.kristensen@example.com,36,male,goldenlion516,bigbear
Julia,Caron,julia.caron@example.com,47,female,purplekoala696,scottie
Zada,Vieira,zada.vieira@example.com,22,female,yellowfish275,america1
Kasper,Kivela,kasper.kivela@example.com,30,male,crazyladybug257,vader
Liam,Petit,liam.petit@example.com,55,male,greenswan431,builder
Hendry,Theuws,hendry.theuws@example.com,57,male,smallkoala540,pics
Eberhardt,Scheck,eberhardt.scheck@example.com,23,male,organicmouse642,showtime
Kyle,Bryant,kyle.bryant@example.com,25,male,blackbutterfly140,159753
Lasse,Evertsen,lasse.evertsen@example.com,33,male,bluefrog357,silverad
Simon,Nielsen,simon.nielsen@example.com,48,male,blackelephant910,lansing
Jon,Flores,jon.flores@example.com,70,male,whiteostrich603,explore
Prião,Mendes,priao.mendes@example.com,61,male,smallfrog446,laddie
Andréa,Vidal,andrea.vidal@example.com,44,female,whitegorilla134,drpepper
Marthe,Seppola,marthe.seppola@example.com,35,female,brownfrog973,pride
Curtis,Lowe,curtis.lowe@example.com,68,male,orangezebra208,zaq12wsx
اميرمحمد,جعفری,myrmhmd.jaafry@example.com,61,male,redfish184,sony
Jaime,Santana,jaime.santana@example.com,62,male,lazypanda105,space
Soline,Roussel,soline.roussel@example.com,36,female,goldendog323,stoned
میلاد,سالاری,myld.slry@example.com,27,male,yellowfish349,mama
Serenity,Myers,serenity.myers@example.com,32,female,orangewolf909,lback
Swantje,Herz,swantje.herz@example.com,28,female,greenelephant161,okokok
هلیا,جعفری,hly.jaafry@example.com,45,female,heavylion700,manchester
Janet,Mckinney,janet.mckinney@example.com,75,female,ticklishpanda529,element
Jessica,Martin,jessica.martin@example.com,46,female,ticklishpanda395,danielle
Matthew,Taylor,matthew.taylor@example.com,45,male,sadrabbit181,33333333
Isabella,Thomsen,isabella.thomsen@example.com,63,female,tinypeacock684,asd123
Geert,Lindenau,geert.lindenau@example.com,26,male,sadcat821,tttttt
Hajar,Van Unen,hajar.vanunen@example.com,27,female,brownswan468,video
Robin,Stevens,robin.stevens@example.com,66,female,beautifulbird558,xing
Samir,Souza,samir.souza@example.com,49,male,orangerabbit745,seamus
Emily,Nielsen,emily.nielsen@example.com,63,female,whitekoala755,robin
Manon,Roger,manon.roger@example.com,28,female,greengoose653,samantha
Jeremiah,Scott,jeremiah.scott@example.com,65,male,angrylion792,redd
Louise,Bradley,louise.bradley@example.com,58,female,browntiger395,anaconda
Nelson,Hopkins,nelson.hopkins@example.com,45,male,orangebutterfly403,kendall
Blake,King,blake.king@example.com,54,male,bigleopard936,pantera1
Thibault,Leroux,thibault.leroux@example.com,63,male,greenswan458,studio
Margot,Dufour,margot.dufour@example.com,54,female,bigpanda253,rabbit
August,Overbeek,august.overbeek@example.com,69,male,yellowkoala416,babyboy
Rolf,Lucas,rolf.lucas@example.com,46,male,yellowtiger356,puss
Lori,Mills,lori.mills@example.com,23,female,greenduck768,pistol
Mae,Fernandez,mae.fernandez@example.com,50,male,smallduck551,shasta
Roberto,Lucas,roberto.lucas@example.com,35,male,purplepeacock123,zanzibar
Alma,Philippe,alma.philippe@example.com,49,female,sadmouse938,bigman
Hunter,Gill,hunter.gill@example.com,30,male,blackwolf791,987456
Madison,James,madison.james@example.com,43,female,heavygoose736,colnago
ایلیا,گلشن,yly.glshn@example.com,43,male,sadlion840,burger
Claudio,Van Basten,claudio.vanbasten@example.com,46,male,beautifulduck814,butler
Wilmer,Heier,wilmer.heier@example.com,22,male,beautifulduck196,andyod22
آرمیتا,حیدری,armyt.hydry@example.com,49,female,purplebear758,gate
Stanley,Laarman,stanley.laarman@example.com,54,male,yellowwolf946,mother1
Sinésio,Fernandes,sinesio.fernandes@example.com,41,male,greenlion304,redalert
Philomena,Moosmann,philomena.moosmann@example.com,71,female,smallkoala919,1129
سارینا,نجاتی,sryn.njty@example.com,75,female,yellowfrog724,jiggaman
Arnaud,Margaret,arnaud.margaret@example.com,49,male,lazyelephant694,daniels
Astrid,Hansen,astrid.hansen@example.com,39,female,orangelion731,redsox1
Emile,Bergeron,emile.bergeron@example.com,47,male,brownpanda911,sssss
Cathriona,Cole,cathriona.cole@example.com,23,female,beautifulzebra557,imperial
Olivier,Campos,olivier.campos@example.com,44,male,yellowgoose976,babylon
Adam,Wright,adam.wright@example.com,50,male,angrygoose417,universe
Manuel,Weinberg,manuel.weinberg@example.com,47,male,sadgoose511,kiwi
Graciliano,Viana,graciliano.viana@example.com,69,male,bigbird140,sandro
Audrey,Mccoy,audrey.mccoy@example.com,57,female,happygoose166,johnson
Rodi,Van Stein,rodi.vanstein@example.com,52,male,angryelephant143,ggggggg
یسنا,حسینی,ysn.hsyny@example.com,33,female,organicpeacock892,topdog
Fatma,Gebert,fatma.gebert@example.com,69,female,smallswan253,clifton
محیا,کوتی,mhy.khwty@example.com,46,female,bluemouse996,zeng
Marie,Le Gall,marie.legall@example.com,70,female,greengorilla704,alpha
Emily,Pedersen,emily.pedersen@example.com,61,female,tinymeercat901,chinese
Carter,Novak,carter.novak@example.com,74,male,bigbear436,athena
Emily,Slawa,emily.slawa@example.com,59,female,sadzebra486,greenbay
Herman,Black,herman.black@example.com,25,male,smallwolf830,roadster
Jonathan,Hunter,jonathan.hunter@example.com,34,male,beautifulpanda815,bunnies
Lene,Leinweber,lene.leinweber@example.com,24,female,happymeercat131,abc1234
Maja,Christiansen,maja.christiansen@example.com,67,female,bluebird839,testing
Bernard,Richards,bernard.richards@example.com,41,male,orangebear950,journey
پارسا,یاسمی,prs.ysmy@example.com,66,male,whitebutterfly410,reserve
Ivy,Edwards,ivy.edwards@example.com,48,female,goldenostrich240,robin
Daniel,Waisanen,daniel.waisanen@example.com,35,male,purplewolf714,hope
سپهر,قاسمی,sphr.qsmy@example.com,31,male,crazymeercat729,sabrina
Ayse,Morel,ayse.morel@example.com,41,female,redpanda784,sister
بیتا,حیدری,byt.hydry@example.com,63,female,lazybutterfly742,chester1
Ella,Lee,ella.lee@example.com,74,female,redbird552,sand
Magdalena,Duran,magdalena.duran@example.com,32,female,goldenpeacock981,cowboys1
Leon,Craig,leon.craig@example.com,35,male,happylion512,qaz123
Emile,Gauthier,emile.gauthier@example.com,65,male,silvercat605,doggy
Gerald,Lawrence,gerald.lawrence@example.com,61,male,yellowsnake879,tian
Ariane,Lavigne,ariane.lavigne@example.com,57,female,crazymeercat855,leelee
Cassandre,Meyer,cassandre.meyer@example.com,51,female,greenmouse561,tropical
Antonia,Vazquez,antonia.vazquez@example.com,25,female,bluegorilla372,hardy
Eeli,Hautala,eeli.hautala@example.com,71,male,bigbear390,franky
Atanásio,Fogaça,atanasio.fogaca@example.com,58,male,purplemouse201,hardrock
Julia,Brown,julia.brown@example.com,26,female,beautifuldog365,target
Jordina,da Luz,jordina.daluz@example.com,60,female,purplemouse318,navajo
Dener,Moraes,dener.moraes@example.com,68,male,angryswan573,champ1
Lori,Owens,lori.owens@example.com,45,female,ticklishtiger430,church
Fiona,Nicolas,fiona.nicolas@example.com,62,female,sadduck715,boris
Jael,Carpentier,jael.carpentier@example.com,71,female,heavymeercat317,vickie
Kurt,Wilson,kurt.wilson@example.com,27,male,redmouse435,saints
Andy,Gray,andy.gray@example.com,29,male,sadfrog110,blunt
Lucas,Sørensen,lucas.sorensen@example.com,71,male,ticklishmeercat901,kyle
Dylan,Aarsland,dylan.aarsland@example.com,65,male,happygorilla524,mannn
Ricardo,Wheeler,ricardo.wheeler@example.com,66,male,ticklishduck380,soleil
Amy,Lévesque,amy.levesque@example.com,59,female,yellowfrog639,ramrod
Adílio,Ferreira,adilio.ferreira@example.com,76,male,angryladybug769,concrete
Iracema,Carvalho,iracema.carvalho@example.com,26,female,brownmeercat509,bollocks
Emre,Poçan,emre.pocan@example.com,59,male,organicladybug960,loveya
Hunter,Cole,hunter.cole@example.com,35,male,sadleopard197,misty1
Flemming,Van Kemenade,flemming.vankemenade@example.com,30,male,goldenladybug914,sunnyday
Viljami,Ylitalo,viljami.ylitalo@example.com,52,male,greenpeacock330,happy2
Rosa,Nielsen,rosa.nielsen@example.com,76,female,angrysnake106,kimmie
Deborah,Palmer,deborah.palmer@example.com,64,female,sadmeercat804,leopard
Miguel,Soler,miguel.soler@example.com,35,male,smallbird578,fart
James,Neal,james.neal@example.com,43,male,heavyrabbit350,chevrolet
Miriam,Ramirez,miriam.ramirez@example.com,50,female,goldenleopard952,jabroni
Oscar,Wright,oscar.wright@example.com,22,male,silverladybug516,easy
Johannes,Moreau,johannes.moreau@example.com,31,male,sadgorilla517,sixty
Marie,Thomsen,marie.thomsen@example.com,23,female,ticklishdog951,trample
Matias,Makinen,matias.makinen@example.com,71,male,greenfish192,kevin1
Chiara,Blanc,chiara.blanc@example.com,39,female,lazysnake736,chips
Meral,Tekand,meral.tekand@example.com,72,female,angrycat262,colonial
Elsa,Meunier,elsa.meunier@example.com,59,female,heavyzebra443,korn
Zara,Hildre,zara.hildre@example.com,53,female,sadsnake301,flint
Miriam,Moya,miriam.moya@example.com,54,female,heavycat360,mirror
Mason,Wilson,mason.wilson@example.com,42,male,heavybear634,benfica
Isidor,Zacher,isidor.zacher@example.com,37,male,greenostrich104,20012001
Lauren,Bates,lauren.bates@example.com,62,female,goldenlion901,fletcher
Olivia,Murphy,olivia.murphy@example.com,66,female,whitepanda417,vette
Luisa,Rolland,luisa.rolland@example.com,70,female,orangebird939,bluemoon
Malou,Møller,malou.moller@example.com,25,female,silverostrich547,rick
Julie,Lecomte,julie.lecomte@example.com,71,female,crazybear271,jersey
Buse,Tunaboylu,buse.tunaboylu@example.com,50,female,sadladybug417,sithlord
Natalia,Blanco,natalia.blanco@example.com,30,female,heavymouse900,windows1
Niilo,Maki,niilo.maki@example.com,36,male,angrymeercat318,chilly
Emilie,Johnson,emilie.johnson@example.com,68,female,smallbear351,golfer1
Eemil,Ahonen,eemil.ahonen@example.com,61,male,redduck271,thomas1
Salvador,Santiago,salvador.santiago@example.com,47,male,brownmouse506,brett
Michela,Boyer,michela.boyer@example.com,73,female,lazymeercat550,studly
Bjørnar,Nordtveit,bjornar.nordtveit@example.com,34,male,purplepanda762,natasha
Maxime,Brown,maxime.brown@example.com,56,male,bigzebra220,kaiser
Eli,Chen,eli.chen@example.com,68,male,sadelephant844,raleigh
Veeti,Saari,veeti.saari@example.com,64,male,beautifulpanda575,doughnut
Jacob,Wilson,jacob.wilson@example.com,48,male,brownmouse256,devon
Queila,Pires,queila.pires@example.com,73,female,smalldog683,starman
Amelia,Côté,amelia.cote@example.com,64,female,redduck100,predator
Higino,Vieira,higino.vieira@example.com,44,male,heavypanda648,chong
Jeffrey,Carroll,jeffrey.carroll@example.com,63,male,angrycat671,diablo
Aurore,Fontai,aurore.fontai@example.com,44,female,sadsnake477,diggler
Maëlys,Arnaud,maelys.arnaud@example.com,42,female,purplegorilla502,delaware
Rémi,Lacroix,remi.lacroix@example.com,71,male,purplewolf540,whiskers
Rahel,Elsner,rahel.elsner@example.com,23,female,angrylion193,bella1
Emma,Ojala,emma.ojala@example.com,49,female,bigduck765,crazybab
Agathe,Lemoine,agathe.lemoine@example.com,30,female,silverzebra547,topdog
Jasper,Tetzlaff,jasper.tetzlaff@example.com,73,male,purplegorilla587,visa
آنیتا,محمدخان,anyt.mhmdkhn@example.com,54,female,smallkoala455,paradox
Åsmund,Finsrud,asmund.finsrud@example.com,48,male,blueladybug179,505050
Oya,Kılıççı,oya.kilicci@example.com,73,female,lazytiger683,wrestling
آنیتا,محمدخان,anyt.mhmdkhn@example.com,60,female,redgorilla549,kristen
Becky,Beck,becky.beck@example.com,47,female,angryleopard119,mohammed
سهیل,صدر,shyl.sdr@example.com,35,male,browntiger424,macross
Leroy,Fields,leroy.fields@example.com,26,male,redostrich641,freddie
Connor,Fletcher,connor.fletcher@example.com,50,male,whiteladybug772,gotham
Joakim,Hestnes,joakim.hestnes@example.com,70,male,lazyladybug528,itsme
Fernando,Graham,fernando.graham@example.com,26,male,ticklishelephant281,matador
آدرینا,قاسمی,adryn.qsmy@example.com,24,female,tinybear427,wing
Brooke,Edwards,brooke.edwards@example.com,31,female,beautifulduck547,dean
Roma,Ramos,roma.ramos@example.com,50,female,whiterabbit468,puppies
سوگند,کوتی,swgnd.khwty@example.com,24,female,blackgoose711,1234567
Emin,Storz,emin.storz@example.com,23,male,heavygoose616,area51
Charles,Wong,charles.wong@example.com,33,male,brownladybug872,leslie
نيما,نكو نظر,nym.nkwnzr@example.com,68,male,blackladybug240,respect
Adèle,Rey,adele.rey@example.com,40,female,crazybear273,diesel
Poppy,Smith,poppy.smith@example.com,27,female,lazyladybug488,puffer
Damyan,Genç,damyan.genc@example.com,43,male,tinybutterfly971,manson
Leah,Flores,leah.flores@example.com,71,female,sadrabbit269,scuba1
Cariza,da Conceição,cariza.daconceicao@example.com,37,female,redzebra779,sprite
Regine,Rezai,regine.rezai@example.com,64,female,angrybutterfly218,buckeye
Holly,Patel,holly.patel@example.com,44,female,whitebear651,option
باران,رضاییان,brn.rdyyn@example.com,55,female,yellowwolf406,shua
Suus,Maarse,suus.maarse@example.com,57,female,crazybutterfly159,sounds
Raymond,Franklin,raymond.franklin@example.com,59,male,purplezebra498,blam
محمدمهدی,پارسا,mhmdmhdy.prs@example.com,49,male,beautifulpeacock442,toejam
Magdo,Almeida,magdo.almeida@example.com,57,male,heavypanda345,roadrunn
Marilou,Brar,marilou.brar@example.com,26,female,yellowmouse540,irving
Laurenz,Dittmer,laurenz.dittmer@example.com,64,male,yellowpanda851,butch
دینا,موسوی,dyn.mwswy@example.com,48,female,bigladybug464,5454
Earl,Wallace,earl.wallace@example.com,53,male,sadsnake939,clint
Felix,Addy,felix.addy@example.com,28,male,crazyfrog893,cannabis
Rinse,Verkerke,rinse.verkerke@example.com,38,male,crazydog272,cindy
Adem,Özdoğan,adem.ozdogan@example.com,64,male,bigsnake320,bert
Alette,Wemmenhove,alette.wemmenhove@example.com,49,female,angrygorilla236,janelle
Roxane,Masson,roxane.masson@example.com,23,female,smallpanda339,torres
Ege,Menemencioğlu,ege.menemencioglu@example.com,61,male,smallostrich726,hanson
Juliette,Fleury,juliette.fleury@example.com,61,female,redrabbit866,accord
Kayla,Hawkins,kayla.hawkins@example.com,61,female,sadpanda541,june
Suzy,Montgomery,suzy.montgomery@example.com,44,female,bluecat230,carolina
Kristin,Freeman,kristin.freeman@example.com,64,female,purplebear486,chilly
Diego,Saez,diego.saez@example.com,28,male,lazysnake662,fringe
Winfried,Bark,winfried.bark@example.com,60,male,bigfrog291,rescue
Ellie,Alvarez,ellie.alvarez@example.com,36,female,tinymouse478,melissa
Asta,Petersen,asta.petersen@example.com,30,female,orangeostrich837,sick
Malika,Rietkerk,malika.rietkerk@example.com,29,female,yellowlion967,scoobydo
Ana,Lefevre,ana.lefevre@example.com,52,female,happyswan316,hooker
Christopher,Hudson,christopher.hudson@example.com,55,male,smalltiger418,girlies
Christine,Rogers,christine.rogers@example.com,62,female,ticklishelephant498,grapes
Isabella,Kristensen,isabella.kristensen@example.com,25,female,greenduck876,letmein2
Ignacio,Castillo,ignacio.castillo@example.com,38,male,goldenswan745,boiler
David,Davies,david.davies@example.com,59,male,silverladybug889,precious
Ilan,Guillot,ilan.guillot@example.com,50,male,sadrabbit436,adam12
Isaiah,Murray,isaiah.murray@example.com,43,male,sadbutterfly635,jasmine
Josiane,Gautier,josiane.gautier@example.com,29,female,bigbear439,marley
Kasper,Raisanen,kasper.raisanen@example.com,28,male,greenleopard420,studio
Philip,Evans,philip.evans@example.com,73,male,greenfrog558,sparta
Abygail,Spijker,abygail.spijker@example.com,29,female,beautifulbird421,batman1
Antonio,Matzke,antonio.matzke@example.com,27,male,bigkoala324,site
Eli,Pierce,eli.pierce@example.com,46,male,yellowgorilla867,moore
مهرسا,احمدی,mhrs.hmdy@example.com,64,female,crazydog892,account
Vivien,Nicolas,vivien.nicolas@example.com,73,female,beautifulmeercat954,quick
Mathias,Poulsen,mathias.poulsen@example.com,29,male,bluerabbit928,damage
Suzana,Lemoine,suzana.lemoine@example.com,72,female,yellowelephant203,nextel
Inge,Dupont,inge.dupont@example.com,58,female,lazyostrich772,181818
Lonnie,Harrison,lonnie.harrison@example.com,36,male,greenbird866,hayabusa
Emma,Brown,emma.brown@example.com,24,female,silverdog286,meathead
Nelly,Hofbauer,nelly.hofbauer@example.com,33,female,whitegorilla118,capslock
Ümit,Taşlı,umit.tasli@example.com,55,male,tinydog898,start1
Emilio,Charles,emilio.charles@example.com,51,male,tinydog126,milton
Cassandre,Lecomte,cassandre.lecomte@example.com,42,female,goldensnake152,hershey
آوین,صدر,awyn.sdr@example.com,68,female,beautifulbear672,nana
Ryan,King,ryan.king@example.com,72,male,goldenfish338,famous
Sean,Rye,sean.rye@example.com,23,male,brownbear222,zenith
Konstantinos,Gebauer,konstantinos.gebauer@example.com,41,male,silverbird877,dingdong
Kiara,Perez,kiara.perez@example.com,31,female,orangeswan721,shelley
Annisa,Akin,annisa.akin@example.com,58,female,browntiger381,jjjjj
Silvia,Piels,silvia.piels@example.com,65,female,blackpeacock793,flight
Jorge,Saez,jorge.saez@example.com,63,male,blackbear868,eeyore
Andreas,Gundersen,andreas.gundersen@example.com,67,male,goldenrabbit267,blue99
Roger,Bailey,roger.bailey@example.com,59,male,ticklishkoala489,angela1
Maxence,Michel,maxence.michel@example.com,68,male,silverkoala619,head
Renaldo,Tettero,renaldo.tettero@example.com,67,male,biggorilla643,absolutely
Urias,Barbosa,urias.barbosa@example.com,50,male,beautifulfish334,mercedes
Liliana,Furuseth,liliana.furuseth@example.com,59,female,sadgoose741,blanca
Gustas,Lohne,gustas.lohne@example.com,66,male,orangecat127,patricia
Pihla,Hakala,pihla.hakala@example.com,25,female,tinyfish163,cannon
Sandra,Vega,sandra.vega@example.com,56,female,purplegorilla821,marble
Florence,Curtis,florence.curtis@example.com,35,female,happydog922,123457
Alexandra,Anderson,alexandra.anderson@example.com,26,female,smallladybug944,castle
Edward,Chambers,edward.chambers@example.com,46,male,ticklishfrog403,willie
Zoran,Wunderlich,zoran.wunderlich@example.com,55,male,yellowfrog512,dontknow
Norman,Kelly,norman.kelly@example.com,49,male,beautifulwolf325,jaime
Christian,Ibañez,christian.ibanez@example.com,42,male,beautifulleopard625,suzanne
Joona,Salmela,joona.salmela@example.com,56,male,whiteduck308,spongebo
Edward,Lane,edward.lane@example.com,47,male,orangemeercat267,furball
Mathias,Andersen,mathias.andersen@example.com,63,male,sadlion403,morrison
Irène,Jean,irene.jean@example.com,29,female,goldentiger109,harry
Yunus,Bult,yunus.bult@example.com,68,male,purplezebra724,tommyboy
Diana,Carroll,diana.carroll@example.com,50,female,silvermeercat776,hakr
Bjørnar,Singh,bjornar.singh@example.com,48,male,orangebear383,monica
Elisa,Montero,elisa.montero@example.com,24,female,whiteleopard285,guang
Kübra,Akbulut,kubra.akbulut@example.com,41,female,heavyleopard739,joker
Armin,Ringheim,armin.ringheim@example.com,54,male,orangelion268,costello
Yasemin,Aclan,yasemin.aclan@example.com,55,female,whiteostrich530,zhua
Victoria,Foster,victoria.foster@example.com,39,female,purpledog294,redleg
بردیا,علیزاده,brdy.aalyzdh@example.com,36,male,ticklishcat303,atlantic
Hansjürgen,Brecht,hansjurgen.brecht@example.com,58,male,heavysnake811,hogan
Maxime,Brown,maxime.brown@example.com,45,male,redwolf687,donald
Toralf,Adam,toralf.adam@example.com,50,male,biglion184,sailor
Scarlett,Montgomery,scarlett.montgomery@example.com,58,female,tinyswan126,christop
Murat,Mayhoş,murat.mayhos@example.com,23,male,beautifulcat601,packer
Ritchy,Ten Donkelaar,ritchy.tendonkelaar@example.com,57,male,heavyswan221,scooby1
Isaiah,Rhodes,isaiah.rhodes@example.com,65,male,smallswan533,modelsne
Yasemin,Oraloğlu,yasemin.oraloglu@example.com,65,female,silverleopard119,bassman
Huberto,Caldeira,huberto.caldeira@example.com,69,male,beautifulsnake592,install
Amélie,Fleury,amelie.fleury@example.com,62,female,greenwolf991,andre
Benjamin,Ennis,benjamin.ennis@example.com,63,male,silverdog461,fdsa
Gonca,Egeli,gonca.egeli@example.com,73,female,purplegoose959,camila
Aitor,Calvo,aitor.calvo@example.com,26,male,crazybird793,8675309
Diana,Ward,diana.ward@example.com,25,female,tinymouse191,minime
Marianne,Miller,marianne.miller@example.com,57,female,organicostrich387,horseman
Monica,Soto,monica.soto@example.com,43,female,lazywolf435,jeremiah
Walter,Watson,walter.watson@example.com,55,male,blacklion254,orlando
طاها,کریمی,th.khrymy@example.com,29,male,yellowbutterfly463,fluffy
Ryan,Knight,ryan.knight@example.com,56,male,happybird277,corvet07
Emmy,Aaserud,emmy.aaserud@example.com,33,female,bigmeercat284,gunner
Brooklyn,Davies,brooklyn.davies@example.com,47,female,happywolf822,wolfie
Lilly,Hasle,lilly.hasle@example.com,44,female,crazymouse158,passwort
Anna,Kristensen,anna.kristensen@example.com,73,female,redzebra392,hotmail
Noël,Guillot,noel.guillot@example.com,73,male,whitekoala439,tigers1
Giuseppa,Muller,giuseppa.muller@example.com,34,female,whitezebra274,felicia
Sílnior,Martins,silnior.martins@example.com,50,female,beautifulsnake350,walton
Lonnie,Hansen,lonnie.hansen@example.com,49,male,smallladybug941,litle
Karianne,Rinden,karianne.rinden@example.com,60,female,lazygorilla491,beethove
Noah,Novak,noah.novak@example.com,70,male,heavysnake518,penny
Louane,Robert,louane.robert@example.com,63,female,orangegoose698,condor
Amanda,Laakso,amanda.laakso@example.com,46,female,blueostrich745,sanford
Bonnie,Grant,bonnie.grant@example.com,68,female,greenfish357,bettina
Clara,Denys,clara.denys@example.com,28,female,tinyzebra129,honda
Mercedes,Moya,mercedes.moya@example.com,26,female,silvermeercat191,mentor
Enzo,Aubert,enzo.aubert@example.com,44,male,bigladybug758,beaker
Tone,Skråmestø,tone.skramesto@example.com,62,female,orangerabbit438,biatch
Debbie,Holmes,debbie.holmes@example.com,62,female,ticklishmouse473,hardrock
Melanie,Brewer,melanie.brewer@example.com,52,female,heavykoala192,licker
تینا,گلشن,tyn.glshn@example.com,69,female,purplepeacock389,redone
Marli,de Souza,marli.desouza@example.com,56,female,blackbird140,klaus
Aiden,Anderson,aiden.anderson@example.com,75,male,heavypeacock998,church
Silvia,Carrasco,silvia.carrasco@example.com,71,female,orangeswan289,linkin
Martin,Dunn,martin.dunn@example.com,76,male,yellowfrog175,kayla
August,Madsen,august.madsen@example.com,64,male,whitetiger161,bridge
Theodore,Morris,theodore.morris@example.com,72,male,redlion381,xxxxx
Jean-Claude,Fournier,jean-claude.fournier@example.com,46,male,redkoala986,hammers
Lya,Lemoine,lya.lemoine@example.com,59,female,blacklion292,screen
Bertram,Mortensen,bertram.mortensen@example.com,31,male,happybutterfly646,asimov
Clara,Andersen,clara.andersen@example.com,71,female,crazyladybug493,divine
John,Holland,john.holland@example.com,68,male,blackpeacock851,puffer
Florence,Roy,florence.roy@example.com,34,female,greenelephant595,hawaii50
Logan,Roy,logan.roy@example.com,51,male,angryfish836,maxima
Romane,Rousseau,romane.rousseau@example.com,71,female,blueladybug742,presto
Leunis,Pel,leunis.pel@example.com,31,male,lazyrabbit939,blunts
رها,کوتی,rh.khwty@example.com,62,female,ticklishswan933,7779311
Christian,Castro,christian.castro@example.com,44,male,angryzebra310,paco
Akseli,Koskela,akseli.koskela@example.com,69,male,crazylion845,ooooo
Buse,Akbulut,buse.akbulut@example.com,65,female,heavygoose162,hotshot
Sippie,Baeten,sippie.baeten@example.com,49,female,sadmouse791,irish
Aksel,Askeland,aksel.askeland@example.com,71,male,whitebird614,anthony1
Mikkel,Larsen,mikkel.larsen@example.com,37,male,happyleopard886,krypton
Sophie,Morgan,sophie.morgan@example.com,35,female,crazysnake375,bigger
Önal,Ozansoy,onal.ozansoy@example.com,29,male,lazylion755,telephon
Ross,Robinson,ross.robinson@example.com,38,male,browngoose634,augustus
Nuria,Medina,nuria.medina@example.com,58,female,orangegoose649,peaches1
Chester,Pearson,chester.pearson@example.com,46,male,sadmeercat311,micro
Amélie,Lacroix,amelie.lacroix@example.com,73,female,crazyostrich433,freeze
Veronica,Taylor,veronica.taylor@example.com,26,female,happyelephant798,bird33
Iúri,Moraes,iuri.moraes@example.com,34,male,ticklishleopard737,redalert
Sigrid,Büttner,sigrid.buttner@example.com,22,female,whitewolf309,shutup
Jean,Obrien,jean.obrien@example.com,53,female,happykoala376,sunrise
Bently,Scott,bently.scott@example.com,65,male,yellowkoala430,wheeler
Nísio,Rocha,nisio.rocha@example.com,71,male,blueswan648,4711
Roberto,Davis,roberto.davis@example.com,60,male,crazyostrich397,glasses
Igor,Dumas,igor.dumas@example.com,54,male,goldenbear868,idiot
Santiago,Hernandez,santiago.hernandez@example.com,33,male,purplemeercat581,saiyan
Emilio,Moreno,emilio.moreno@example.com,74,male,silverrabbit257,vanguard
Becky,Soto,becky.soto@example.com,37,female,bigkoala378,jiong
Allie,Pearson,allie.pearson@example.com,24,female,brownzebra832,leslie
Hector,Coleman,hector.coleman@example.com,58,male,heavyrabbit880,mitch
Heike,Lefebvre,heike.lefebvre@example.com,72,female,happymouse434,blue123
Morrison,Wilmink,morrison.wilmink@example.com,50,male,heavybear957,timeout
Adam,Poulsen,adam.poulsen@example.com,70,male,whitezebra169,blacklab
Koray,Çamdalı,koray.camdali@example.com,41,male,crazypanda412,georgia
Alice,Crawford,alice.crawford@example.com,33,female,ticklishgorilla952,witch
Harper,Morin,harper.morin@example.com,50,female,ticklishmeercat308,presley
ثنا,مرادی,thn.mrdy@example.com,58,female,goldensnake782,binladen
Florence,Palmer,florence.palmer@example.com,71,female,bluefish591,jessica1
Milagros,Gomez,milagros.gomez@example.com,35,female,lazyrabbit236,jesus
Samuel,Kalas,samuel.kalas@example.com,72,male,happyfish177,heynow
Domingo,Marin,domingo.marin@example.com,57,male,lazylion528,chains
Suat,Van der Bruggen,suat.vanderbruggen@example.com,28,male,greenbird426,gertrude
Kelly,Fitzpatrick,kelly.fitzpatrick@example.com,36,female,silvergoose311,banzai
Malo,Lemaire,malo.lemaire@example.com,58,male,yellowsnake652,pirate
Ariadna,Fernandes,ariadna.fernandes@example.com,35,female,tinygoose275,aspen
Alexandros,Zuidam,alexandros.zuidam@example.com,74,male,blackrabbit439,thankyou
Youssef,Strømmen,youssef.strommen@example.com,52,male,happybutterfly973,goodboy
Jaring,Meier,jaring.meier@example.com,43,male,goldenbutterfly425,history
Marilou,Roy,marilou.roy@example.com,73,female,heavytiger268,digital1
Necati,Yıldızoğlu,necati.yildizoglu@example.com,64,male,lazycat201,doug
Eliza,Mentzoni,eliza.mentzoni@example.com,38,female,goldenkoala894,pinhead
Maja,Madsen,maja.madsen@example.com,54,female,ticklishladybug777,madeline
Lino,Robert,lino.robert@example.com,28,male,orangefrog114,anthony1
Damien,Roussel,damien.roussel@example.com,75,male,angryleopard515,suan
Sonia,Rojas,sonia.rojas@example.com,68,female,happysnake975,marsha
امیر,محمدخان,myr.mhmdkhn@example.com,48,male,yellowladybug407,officer
Marcos,Gimenez,marcos.gimenez@example.com,52,male,ticklishduck129,mustard
محمد,قاسمی,mhmd.qsmy@example.com,25,male,redbird187,aspen
Victoria,Christensen,victoria.christensen@example.com,41,female,ticklishbird564,packard
Jesper,Oma,jesper.oma@example.com,61,male,organicduck902,whiteboy
Jason,Day,jason.day@example.com,58,male,lazymouse965,314159
Katie,Pierce,katie.pierce@example.com,63,female,bluegorilla165,bucket
Aubree,Lewis,aubree.lewis@example.com,52,female,angryrabbit228,rangers1
Rosemary,Phillips,rosemary.phillips@example.com,41,female,beautifulfrog961,darkman
Elizabeth,Richards,elizabeth.richards@example.com,48,female,orangemeercat606,1000
Amanda,Autio,amanda.autio@example.com,60,female,sadmeercat522,mallory
Juan,Barnes,juan.barnes@example.com,72,male,silverzebra389,pornos
Délio,da Mota,delio.damota@example.com,64,male,angrycat917,insanity
Ludovic,Gauthier,ludovic.gauthier@example.com,46,male,blacksnake500,shuan
Beatriz,Guerrero,beatriz.guerrero@example.com,47,female,purplefish577,nate
Afşar,Topçuoğlu,afsar.topcuoglu@example.com,70,female,happytiger248,port
Ashton,Edwards,ashton.edwards@example.com,63,male,purpleswan233,choochoo
Emma,Perry,emma.perry@example.com,50,female,angrymouse302,kings
Philip,Tucker,philip.tucker@example.com,63,male,lazybear773,dogbone
Afşar,Durak,afsar.durak@example.com,55,female,crazybear244,sapphire
Emily,Green,emily.green@example.com,45,female,smalldog197,megadeth
Matthias,Dufour,matthias.dufour@example.com,72,male,orangecat744,makaveli
Gloria,Jimenez,gloria.jimenez@example.com,36,female,greenleopard562,piao
Décimo,Lima,decimo.lima@example.com,28,male,beautifulbird625,thompson
Julius,Lammi,julius.lammi@example.com,63,male,blackleopard910,mmmm
Paul,Gjerde,paul.gjerde@example.com,29,male,saddog690,789456
Ellen,Lucas,ellen.lucas@example.com,70,female,tinyelephant456,hohoho
Marivana,da Mota,marivana.damota@example.com,49,female,goldengorilla820,isaac
Lily,Arnøy,lily.arnoy@example.com,40,female,bluelion990,stanton
Luka,Selvåg,luka.selvag@example.com,74,male,purplesnake160,casey1
Barb,Howard,barb.howard@example.com,50,female,smallmeercat915,383838
میلاد,کوتی,myld.khwty@example.com,45,male,redswan184,roberto
Hanni,Kuhnt,hanni.kuhnt@example.com,45,male,smallbear373,faith1
Gabor,Graf,gabor.graf@example.com,38,male,organickoala987,gizmodo1
Siiri,Huotari,siiri.huotari@example.com,66,female,happylion616,mario
Evelyn,Walker,evelyn.walker@example.com,41,female,whiterabbit541,deputy
Marie,Christiansen,marie.christiansen@example.com,62,female,smallbear623,gillian
Johan,Pedersen,johan.pedersen@example.com,70,male,blueladybug915,redsox
Eugenia,Mora,eugenia.mora@example.com,73,female,ticklishmouse486,baba
Milo,Jesus,milo.jesus@example.com,34,male,orangerabbit211,elvisp
Aubrey,Brooks,aubrey.brooks@example.com,26,female,angrypanda557,maurice
Rurique,Sales,rurique.sales@example.com,73,male,tinygoose398,herbie
Valdomiro,Moura,valdomiro.moura@example.com,75,male,happyelephant730,transit
Mathew,Grant,mathew.grant@example.com,59,male,redduck156,phish
تینا,کوتی,tyn.khwty@example.com,40,female,orangegoose188,deeper
Adrian,Shelton,adrian.shelton@example.com,74,male,tinybear371,istanbul
Ridwan,Egenes,ridwan.egenes@example.com,45,male,brownswan800,dragonfl
Gert,Böhm,gert.bohm@example.com,38,male,crazybird883,friends
Anas,Ijmker,anas.ijmker@example.com,25,male,bluebear581,minerva
Ege,Beşerler,ege.beserler@example.com,73,male,goldenelephant280,allstar
Herman,Baker,herman.baker@example.com,66,male,yellowmouse584,noodle
Lea,Ambrose,lea.ambrose@example.com,58,female,smallladybug975,remote
Olivia,Morris,olivia.morris@example.com,46,female,ticklishduck648,goodboy
Thale,Skjerven,thale.skjerven@example.com,51,female,blackrabbit322,hannah
یلدا,یاسمی,yld.ysmy@example.com,63,female,yellowcat450,gabriela
Elizabeth,Novak,elizabeth.novak@example.com,65,female,crazyswan865,deputy
Toby,White,toby.white@example.com,42,male,brownelephant567,sixers
Lillian,Andrews,lillian.andrews@example.com,68,female,lazyzebra559,tweety
Germaine,Drijver,germaine.drijver@example.com,41,female,purplebird899,partner
Eliab,Novaes,eliab.novaes@example.com,27,male,sadladybug772,pierce
Nicolaus,Helbing,nicolaus.helbing@example.com,23,male,heavyostrich958,truman
Alice,Mitchell,alice.mitchell@example.com,35,female,bluekoala434,trance
Femma,Van Vulpen,femma.vanvulpen@example.com,73,female,blackswan391,augusta
Kenneth,Allen,kenneth.allen@example.com,57,male,sadgoose645,baggio
Prosper,Michielse,prosper.michielse@example.com,72,male,whitedog341,sharpe
Oscar,Nguyen,oscar.nguyen@example.com,33,male,greencat603,nicholas
Brittany,Shelton,brittany.shelton@example.com,57,female,crazysnake871,showtime
Oskari,Honkala,oskari.honkala@example.com,60,male,ticklishfish420,coldbeer
ماهان,كامياران,mhn.kmyrn@example.com,47,male,lazywolf225,asimov
Julio,Carr,julio.carr@example.com,28,male,lazydog599,binladen
Tracey,Carlson,tracey.carlson@example.com,27,female,organicswan394,chronic
Johanne,Jørgensen,johanne.jorgensen@example.com,32,female,redlion371,animals
Jon,Long,jon.long@example.com,68,male,goldenfrog821,mmmmmm
Francesco,Henry,francesco.henry@example.com,51,male,purpledog178,jayjay
Juri,Buse,juri.buse@example.com,59,male,purplemouse965,kodiak
Iida,Murto,iida.murto@example.com,75,female,angrywolf156,norwich
